date,code,open,high,low,close,volume,turn,peTTM,psTTM,pcfNcfTTM,pbMRQ
2023-12-05,sh.601083,15.42879079,18.05712634,14.98612375,16.45245832,130416475.0,69.262,22.175579,4.096322,282.22395,3.837162
2023-12-06,sh.601083,15.2166795,15.9544579,14.40512326,14.60801232,88779607.0,47.1494,19.689528,3.637093,250.584494,3.406987
2023-12-07,sh.601083,14.0177896,14.32212319,13.38145573,13.52901141,71308429.0,37.8707,18.235188,3.368444,232.075412,3.155334
2023-12-08,sh.601083,13.84256723,14.4789011,13.05867768,13.20623336,64974846.0,34.5071,17.800129,3.288079,226.538507,3.080054
2023-12-11,sh.601083,12.45923273,12.89267754,12.27478813,12.32089928,57350710.0,30.458,16.606824,3.067649,211.351568,2.87357
2023-12-12,sh.601083,12.3577882,12.43156604,11.94278785,12.12723245,48684042.0,25.8553,16.345788,3.01943,208.029425,2.828401
2023-12-13,sh.601083,12.00734346,12.06267684,11.7122321,11.73067656,37226758.0,19.7705,15.811287,2.920696,201.226942,2.735914
2023-12-14,sh.601083,11.82289886,11.988899,11.65689872,11.82289886,32255242.0,17.1302,15.93559,2.943657,202.808915,2.757422
2023-12-15,sh.601083,11.72145433,11.75834325,11.44478743,11.48167635,30501283.0,16.1987,15.47567,2.8587,196.955616,2.67784
2023-12-18,sh.601083,11.69378764,12.6344551,11.69378764,12.6344551,72971033.0,38.7537,17.029453,3.145718,216.730276,2.946699
2023-12-19,sh.601083,12.93878869,13.4644558,12.30245482,12.93878869,93937598.0,49.8887,17.439651,3.221491,221.950786,3.017678
2023-12-20,sh.601083,12.28401036,12.911122,12.28401036,12.49612165,49648054.0,26.3673,16.842999,3.111276,214.357316,2.914436
2023-12-21,sh.601083,12.48689942,12.62523287,11.87823224,12.12723245,45644779.0,24.2412,16.345788,3.01943,208.029425,2.828401
2023-12-22,sh.601083,11.94278785,13.21545559,11.94278785,12.76356632,68383181.0,36.3172,17.203476,3.177864,218.945038,2.976812
2023-12-25,sh.601083,12.3577882,12.46845496,11.67534318,11.87823224,48732173.0,25.8809,16.010171,2.957434,203.758099,2.770328
2023-12-26,sh.601083,11.95201008,12.3577882,11.61078757,11.65689872,36109480.0,19.1771,15.711845,2.902327,199.961364,2.718706
2023-12-27,sh.601083,11.87823224,11.97045454,11.37100959,11.51856527,30898696.0,16.4098,15.525391,2.867885,197.588405,2.686443
2023-12-28,sh.601083,11.38945405,11.58312088,10.95600924,11.50012081,38993941.0,20.709,15.500531,2.863292,197.27201,2.682142
2023-12-29,sh.601083,11.38945405,11.59234311,11.35256513,11.51856527,23143739.0,12.2913,15.525391,2.867885,197.588405,2.686443
2024-01-02,sh.601083,11.75834325,12.0811213,11.65689872,11.85978778,43511995.0,23.1085,15.985311,2.952842,203.441704,2.766026
2024-01-03,sh.601083,11.79523217,12.02578792,11.53700973,11.57389865,29788503.0,15.8202,15.599973,2.881661,198.537588,2.699349
2024-01-04,sh.601083,11.45400966,11.99812123,11.45400966,11.90589893,41514903.0,22.0479,16.047462,2.964323,204.23269,2.77678
2024-01-05,sh.601083,11.7122321,11.88745447,11.5277875,11.55545419,26869001.0,14.2697,15.575112,2.877069,198.221194,2.695047
2024-01-08,sh.601083,11.55545419,11.60156534,11.14045384,11.14967607,17306955.0,9.1914,15.028181,2.776039,191.260513,2.600408
2024-01-09,sh.601083,11.04823154,11.11278715,10.77156464,10.86378694,22580277.0,11.992,14.642843,2.704858,186.356398,2.533731
2024-01-10,sh.601083,10.79923133,11.08512046,10.53178666,10.76234241,20718363.0,11.0032,14.50611,2.679601,184.616228,2.510072
2024-01-11,sh.601083,10.72545349,11.02056485,10.65167565,10.95600924,17773001.0,9.4389,14.767146,2.72782,187.93837,2.55524
2024-01-12,sh.601083,11.03900931,11.59234311,10.95600924,11.18656499,36868641.0,19.5803,15.077902,2.785223,191.893303,2.609012
2024-01-15,sh.601083,11.29723175,11.50012081,11.066676,11.09434269,29144856.0,15.4784,14.9536,2.762262,190.31133,2.587503
2024-01-16,sh.601083,11.05745377,11.09434269,10.67012011,10.75312018,24360461.0,12.9374,14.49368,2.677305,184.45803,2.507921
2024-01-17,sh.601083,10.77156464,10.85456471,10.48567551,10.48567551,16887110.0,8.9685,14.133203,2.610716,179.870309,2.445545
2024-01-18,sh.601083,10.43034213,10.53178666,10.2366753,10.43956436,16782628.0,8.913,14.071051,2.599236,179.079323,2.434791
2024-01-19,sh.601083,10.43956436,10.43956436,10.10756408,10.10756408,14283727.0,7.5859,13.623562,2.516574,173.384221,2.357359
2024-01-22,sh.601083,9.87700833,9.9600084,9.24067446,9.37900791,21770801.0,11.5621,12.641572,2.335179,160.886635,2.18744
2024-01-23,sh.601083,9.29600784,9.72945265,9.26834115,9.6833415,16465518.0,8.7446,13.05177,2.410952,166.107146,2.258419
2024-01-24,sh.601083,9.84934164,10.65167565,9.78478603,10.38423098,38923439.0,20.6716,13.99647,2.585459,178.130139,2.421886
2024-01-25,sh.601083,10.24589753,10.92834255,10.12600854,10.78078687,39587896.0,21.0245,14.530971,2.684193,184.932622,2.514373
2024-01-26,sh.601083,10.6977868,11.6200098,10.63323119,11.19578722,48173761.0,25.5843,15.090332,2.787519,192.0515,2.611163
2024-01-29,sh.601083,11.85978778,11.8966767,10.8822314,10.8822314,49476876.0,26.2764,14.667704,2.709451,186.672792,2.538033
2024-01-30,sh.601083,10.34734206,10.75312018,10.144453,10.16289746,32995661.0,17.5235,13.698144,2.530351,174.333404,2.370265
2024-01-31,sh.601083,10.00611955,11.02978708,9.92311948,9.96923063,31888756.0,16.9356,13.437108,2.482132,171.011261,2.325096
2024-02-01,sh.601083,9.90467502,10.4211199,9.73867488,9.96923063,22778043.0,12.097,13.437108,2.482132,171.011261,2.325096
2024-02-02,sh.601083,9.83089718,9.98767509,9.07467432,9.37900791,25213027.0,13.3902,12.641572,2.335179,160.886635,2.18744
2024-02-05,sh.601083,9.37900791,9.39745237,8.43834045,8.43834045,23790017.0,12.6345,11.373685,2.100972,144.750513,1.968051
2024-02-06,sh.601083,8.19856247,9.01934094,8.0233401,8.84411857,21842581.0,11.6002,11.920617,2.202003,151.711193,2.062689
2024-02-07,sh.601083,8.83489634,9.27756338,8.6688962,8.77956296,22719202.0,12.0658,11.833605,2.18593,150.603812,2.047633
2024-02-08,sh.601083,8.86256303,9.02856317,8.15245132,9.02856317,29374520.0,15.6003,12.169222,2.247926,154.875139,2.105707
2024-02-19,sh.601083,9.1300077,9.24989669,9.02856317,9.21300777,21286539.0,11.3049,12.417827,2.293848,158.039084,2.148725
2024-02-20,sh.601083,9.14845216,9.28678561,8.96400756,9.28678561,16154500.0,8.5794,12.517269,2.312218,159.304663,2.165932
2024-02-21,sh.601083,9.17611885,9.54500805,9.12078547,9.37900791,18761864.0,9.9641,12.641572,2.335179,160.886635,2.18744
2024-02-22,sh.601083,9.32367453,9.46200798,9.26834115,9.45278575,13759369.0,7.3074,12.741014,2.353548,162.152214,2.204647
2024-02-23,sh.601083,9.42511906,9.55423028,9.34211899,9.53578582,15624012.0,8.2977,12.852886,2.374213,163.575989,2.224005
2024-02-26,sh.601083,9.65567481,9.74789711,9.53578582,9.60956366,14495273.0,7.6982,12.952328,2.392583,164.841567,2.241212
2024-02-27,sh.601083,9.4988969,9.80323049,9.46200798,9.80323049,13085987.0,6.9498,13.213364,2.440802,168.16371,2.286381
2024-02-28,sh.601083,9.79400826,9.9600084,9.24067446,9.24067446,21367351.0,11.3478,12.455118,2.300737,158.513676,2.155177
2024-02-29,sh.601083,9.23145223,9.56345251,9.19456331,9.52656359,14444872.0,7.6714,12.840456,2.371917,163.417792,2.221854
2024-03-01,sh.601083,9.52656359,9.57267474,9.36978568,9.43434129,9751144.0,5.1787,12.716153,2.348956,161.835819,2.200346
2024-03-04,sh.601083,9.45278575,9.50811913,9.23145223,9.37900791,8331974.0,4.425,12.641572,2.335179,160.886635,2.18744
2024-03-05,sh.601083,9.39745237,9.41589683,9.19456331,9.23145223,8252806.0,4.3829,12.442688,2.298441,158.355479,2.153026
2024-03-06,sh.601083,9.20378554,9.39745237,9.19456331,9.33289676,7408470.0,3.9345,12.57942,2.323698,160.095649,2.176686
2024-03-07,sh.601083,9.37900791,9.39745237,9.21300777,9.24067446,9705100.0,5.1542,12.455118,2.300737,158.513676,2.155177
2024-03-08,sh.601083,9.24067446,9.28678561,9.13922993,9.23145223,6178955.0,3.2815,12.442688,2.298441,158.355479,2.153026
2024-03-11,sh.601083,9.24067446,9.33289676,9.20378554,9.33289676,7833736.0,4.1604,12.57942,2.323698,160.095649,2.176686
2024-03-12,sh.601083,9.34211899,9.48967467,9.26834115,9.43434129,12494516.0,6.6356,12.716153,2.348956,161.835819,2.200346
2024-03-13,sh.601083,9.41589683,9.43434129,9.26834115,9.33289676,10218613.0,5.4269,12.57942,2.323698,160.095649,2.176686
2024-03-14,sh.601083,9.3144523,9.4988969,9.26834115,9.33289676,16204722.0,8.6061,12.57942,2.323698,160.095649,2.176686
2024-03-15,sh.601083,9.27756338,9.3144523,9.20378554,9.3144523,12330023.0,6.5483,12.55456,2.319106,159.779254,2.172384
2024-03-18,sh.601083,9.32367453,9.4988969,9.3144523,9.4988969,16194698.0,8.6007,12.803165,2.365029,162.9432,2.215402
2024-03-19,sh.601083,9.54500805,9.55423028,9.38823014,9.4066746,10312595.0,5.4768,12.678863,2.342067,161.361227,2.193893
2024-03-20,sh.601083,9.41589683,9.57267474,9.4066746,9.4988969,9046159.0,4.8043,12.803165,2.365029,162.9432,2.215402
2024-03-21,sh.601083,9.48967467,9.61878589,9.42511906,9.52656359,12004584.0,6.3754,12.840456,2.371917,163.417792,2.221854
2024-03-22,sh.601083,9.48045244,9.48967467,9.20378554,9.22223,14333222.0,7.6121,12.430257,2.296145,158.197282,2.150875
2024-03-25,sh.601083,9.20378554,9.3144523,9.10234101,9.12078547,10162175.0,5.397,12.293525,2.270887,156.457111,2.127216
2024-03-26,sh.601083,9.11156324,9.17611885,8.96400756,9.15767439,8888372.0,4.7205,12.343246,2.280072,157.089901,2.135819
2024-03-27,sh.601083,9.12078547,9.18534108,8.72422958,8.74267404,10516300.0,5.585,11.783884,2.176745,149.971023,2.03903
2024-03-28,sh.601083,8.68734066,8.97322979,8.68734066,8.89945195,7484616.0,3.975,11.995198,2.215779,152.660377,2.075595
2024-03-29,sh.601083,8.89022972,8.90867418,8.77034073,8.89945195,6073189.0,3.2254,11.995198,2.215779,152.660377,2.075595
2024-04-01,sh.601083,8.9455631,9.06545209,8.9455631,9.05622986,6383728.0,3.3903,17.114476,2.413207,6.870851,1.567715
2024-04-02,sh.601083,9.07467432,9.13922993,8.97322979,9.11156324,8260203.0,4.3869,17.219045,2.427952,6.912832,1.577294
2024-04-03,sh.601083,9.46200798,10.02456401,9.17611885,9.70178596,41500276.0,22.0401,18.334448,2.585228,7.360627,1.679467
2024-04-08,sh.601083,9.35134122,9.58189697,9.3144523,9.37900791,24553840.0,13.0401,17.724462,2.499217,7.115739,1.623591
2024-04-09,sh.601083,9.36978568,9.47123021,9.33289676,9.45278575,13929367.0,7.3977,17.863887,2.518877,7.171713,1.636362
2024-04-10,sh.601083,9.4066746,9.72945265,9.37900791,9.63723035,26485136.0,14.0658,18.212451,2.568026,7.311649,1.668291
2024-04-11,sh.601083,9.52656359,10.58712004,9.4066746,10.09834185,43842120.0,23.2838,19.08386,2.690898,7.661489,1.748114
2024-04-12,sh.601083,9.87700833,10.49489774,9.87700833,10.12600854,44478649.0,23.6219,19.136145,2.69827,7.682479,1.752903
2024-04-15,sh.601083,10.13523077,10.66089788,9.6833415,10.39345321,42011461.0,22.3116,19.641562,2.769536,7.885386,1.7992
2024-04-16,sh.601083,10.21823084,10.4211199,9.43434129,9.56345251,31427701.0,16.6907,18.073026,2.548366,7.255675,1.65552
2024-04-17,sh.601083,9.72945265,10.11678631,9.72945265,10.11678631,29499752.0,15.6668,19.118717,2.695813,7.675483,1.751307
2024-04-18,sh.601083,9.97845286,10.58712004,9.81245272,10.5133422,43279248.0,22.9849,19.868128,2.801483,7.976345,1.819954
2024-04-19,sh.601083,10.28278645,10.8822314,10.28278645,10.48567551,50189976.0,26.6551,19.815844,2.79411,7.955354,1.815165
2024-04-22,sh.601083,10.19056415,10.19056415,9.7755638,9.80323049,33241884.0,17.6542,18.526158,2.61226,7.437592,1.697028
2024-04-23,sh.601083,9.83089718,9.88623056,9.51734136,9.58189697,21220750.0,11.27,18.107882,2.553281,7.269669,1.658713
2024-04-24,sh.601083,9.57267474,9.69256373,9.47123021,9.69256373,14486495.0,7.6935,18.31702,2.58277,7.35363,1.67787
2024-04-25,sh.601083,9.66489704,9.82167495,9.60034143,9.81245272,17241638.0,9.1567,18.543586,2.614717,7.444588,1.698624
2024-04-26,sh.601083,9.67411927,9.90467502,9.58189697,9.78478603,19961859.0,10.6014,18.491302,2.607345,7.423598,1.693835
2024-04-29,sh.601083,9.69256373,9.84934164,9.61878589,9.74789711,17853977.0,9.482,18.421589,2.597515,7.395611,1.687449
2024-04-30,sh.601083,9.6833415,9.72023042,9.32367453,9.34211899,22434957.0,11.9148,22.758659,2.551256,5.583575,1.592096
2024-05-06,sh.601083,9.42511906,9.62800812,9.42511906,9.61878589,16893533.0,8.9719,23.432657,2.626811,5.748933,1.639245
2024-05-07,sh.601083,9.61878589,9.65567481,9.50811913,9.63723035,10644356.0,5.653,23.47759,2.631848,5.759957,1.642389
2024-05-08,sh.601083,9.62800812,9.64645258,9.46200798,9.51734136,10112293.0,5.3705,23.185524,2.599108,5.688302,1.621957
2024-05-09,sh.601083,9.53578582,10.10756408,9.53578582,10.04300847,35083676.0,18.6324,24.46612,2.742663,6.002481,1.711542
2024-05-10,sh.601083,10.04300847,10.17211969,9.92311948,10.07989739,23262800.0,12.3545,24.555986,2.752737,6.024529,1.717829
2024-05-13,sh.601083,10.06145293,10.46723105,9.91389725,10.38423098,37842798.0,20.0977,25.297384,2.835848,6.206422,1.769694
2024-05-14,sh.601083,10.26434199,10.30123091,10.00611955,10.04300847,24581471.0,13.0548,24.46612,2.742663,6.002481,1.711542
2024-05-15,sh.601083,9.94156394,10.07989739,9.83089718,9.85856387,14191033.0,7.5366,24.016788,2.692293,5.892243,1.680109
2024-05-16,sh.601083,9.94156394,9.99689732,9.75711934,9.75711934,12064896.0,6.4075,23.769656,2.664589,5.831612,1.66282
2024-05-17,sh.601083,9.6833415,9.78478603,9.65567481,9.73867488,10357700.0,5.5008,23.724722,2.659552,5.820588,1.659677
2024-05-20,sh.601083,9.72945265,10.02456401,9.71100819,10.02456401,15994922.0,8.4946,24.421187,2.737626,5.991457,1.708399
2024-05-21,sh.601083,10.0522307,10.0522307,9.84934164,9.92311948,9507425.0,5.0492,24.174054,2.709922,5.930826,1.69111
2024-05-22,sh.601083,9.85856387,9.94156394,9.7755638,9.80323049,8291052.0,4.4032,23.881989,2.677182,5.859171,1.670679
2024-05-23,sh.601083,9.80323049,9.94156394,9.6833415,9.70178596,10940000.0,5.8101,23.634856,2.649478,5.79854,1.65339
2024-05-24,sh.601083,9.5911192,9.76634157,9.55423028,9.60956366,7312282.0,3.8834,23.41019,2.624293,5.743421,1.637674
2024-05-27,sh.601083,9.6833415,10.03378624,9.66489704,10.02456401,20645135.0,10.9643,24.421187,2.737626,5.991457,1.708399
2024-05-28,sh.601083,9.93234171,10.31045314,9.83089718,9.99689732,20527463.0,10.9018,24.353787,2.73007,5.974921,1.703684
2024-05-29,sh.601083,9.98767509,9.99689732,9.78478603,9.82167495,12263177.0,6.5128,23.926922,2.682219,5.870195,1.673822
2024-05-30,sh.601083,9.7755638,9.78478603,9.4988969,9.52656359,12954903.0,6.8801,23.207991,2.601626,5.693814,1.623529
2024-05-31,sh.601083,9.56345251,9.70178596,9.53578582,9.63723035,8700582.0,4.6207,23.47759,2.631848,5.759957,1.642389
2024-06-03,sh.601083,9.74789711,10.0522307,9.64645258,9.80323049,19217806.0,10.2063,23.881989,2.677182,5.859171,1.670679
2024-06-04,sh.601083,9.60956366,9.84011941,9.44356352,9.82167495,14914303.0,7.9207,23.926922,2.682219,5.870195,1.673822
2024-06-05,sh.601083,9.90467502,10.09834185,9.75711934,9.80323049,21525335.0,11.0887,23.881989,2.677182,5.859171,1.670679
2024-06-06,sh.601083,9.79400826,10.09834185,9.7755638,9.83089718,23736891.0,12.2279,23.949388,2.684737,5.875707,1.675394
2024-06-07,sh.601083,9.65567481,10.07989739,9.60956366,9.99689732,19488942.0,10.0396,24.353787,2.73007,5.974921,1.703684
2024-06-11,sh.601083,9.98767509,9.98767509,9.48045244,9.58189697,21819290.0,11.2401,23.34279,2.616737,5.726885,1.632959
2024-06-12,sh.601083,9.52656359,9.7755638,9.4988969,9.70178596,13722799.0,7.0692,23.634856,2.649478,5.79854,1.65339
2024-06-13,sh.601083,9.67411927,9.84934164,9.62800812,9.80323049,12642584.0,6.5128,23.881989,2.677182,5.859171,1.670679
2024-06-14,sh.601083,9.86959608,9.99284752,9.67997848,9.954924,15270644.0,7.8666,23.589923,2.644441,5.787516,1.650247
2024-06-17,sh.601083,9.87907696,9.93596224,9.72738288,9.74634464,9171737.0,4.7248,23.095658,2.589034,5.666254,1.615671
2024-06-18,sh.601083,9.74634464,9.954924,9.74634464,9.93596224,9240379.0,4.7601,23.54499,2.639404,5.776492,1.647104
2024-06-19,sh.601083,9.93596224,9.98336664,9.79374904,9.79374904,6645355.0,3.4233,23.207991,2.601626,5.693814,1.623529
2024-06-20,sh.601083,9.78426816,9.87907696,9.56620792,9.58516968,8486589.0,4.3718,22.713726,2.546219,5.572551,1.588952
2024-06-21,sh.601083,9.54724616,9.55672704,9.31022416,9.3386668,7480519.0,3.8536,22.129594,2.480737,5.429241,1.548089
2024-06-24,sh.601083,9.31022416,9.31970504,8.98787424,8.98787424,7807787.0,4.0221,21.29833,2.387552,5.2253,1.489937
2024-06-25,sh.601083,8.99735512,9.08268304,8.9594316,9.02579776,3597629.0,1.8533,21.388197,2.397626,5.247348,1.496224
2024-06-26,sh.601083,8.96891248,9.15853008,8.85514192,9.1490492,4670828.0,2.4062,21.680262,2.430367,5.319003,1.516656
2024-06-27,sh.601083,9.1490492,9.18697272,8.9594316,8.99735512,4344149.0,2.2379,21.320797,2.390071,5.230812,1.491509
2024-06-28,sh.601083,9.006836,9.15853008,8.94046984,9.06372128,5071689.0,2.6127,21.478063,2.407701,5.269396,1.502511
2024-07-01,sh.601083,9.0542404,9.1490492,8.99735512,9.13008744,3933454.0,2.0263,21.635329,2.42533,5.307979,1.513512
2024-07-02,sh.601083,9.13008744,9.27230064,9.07320216,9.22489624,6660667.0,3.4312,21.859995,2.450515,5.363098,1.529229
2024-07-03,sh.601083,9.1490492,9.17749184,9.006836,9.02579776,5348209.0,2.7551,21.388197,2.397626,5.247348,1.496224
2024-07-04,sh.601083,9.0542404,9.07320216,8.83618016,8.83618016,5253016.0,2.7061,20.938865,2.347256,5.13711,1.464791
2024-07-05,sh.601083,8.84566104,8.9120272,8.71292872,8.88358456,3228118.0,1.6629,21.051198,2.359849,5.164669,1.472649
2024-07-08,sh.601083,8.88358456,8.89306544,8.51383024,8.52331112,5482066.0,2.8241,20.197467,2.264145,4.955216,1.412926
2024-07-09,sh.601083,8.532792,8.6750052,8.36213616,8.6276008,4639532.0,2.39,20.4446,2.291849,5.015847,1.430214
2024-07-10,sh.601083,8.60863904,8.6750052,8.50434936,8.51383024,2845746.0,1.466,20.175001,2.261627,4.949704,1.411354
2024-07-11,sh.601083,8.63708168,8.7224096,8.61811992,8.71292872,4285234.0,2.2075,20.646799,2.314515,5.065455,1.444359
2024-07-12,sh.601083,8.77929488,8.79825664,8.6750052,8.77929488,4690694.0,2.4164,20.804065,2.332145,5.104038,1.455361
2024-07-15,sh.601083,8.78877576,8.99735512,8.69396696,8.94995072,7565364.0,3.8973,21.208464,2.377478,5.203253,1.483651
2024-07-16,sh.601083,8.84566104,9.17749184,8.83618016,9.04475952,8258954.0,4.2546,21.43313,2.402664,5.258372,1.499367
2024-07-17,sh.601083,9.02579776,9.15853008,8.82669928,8.90254632,9694538.0,4.9941,21.096131,2.364886,5.175693,1.475792
2024-07-18,sh.601083,8.59915816,8.77929488,8.4379832,8.71292872,8213770.0,4.2313,20.646799,2.314515,5.065455,1.444359
2024-07-19,sh.601083,8.64656256,8.74137136,8.58967728,8.68448608,3997378.0,2.0592,20.579399,2.30696,5.048919,1.439644
2024-07-22,sh.601083,8.70344784,8.71292872,8.59915816,8.63708168,2678428.0,1.3798,20.467066,2.294367,5.021359,1.431786
2024-07-23,sh.601083,8.6276008,8.7224096,8.55175376,8.55175376,3558737.0,1.8333,20.264867,2.271701,4.971752,1.417641
2024-07-24,sh.601083,8.50434936,8.60863904,8.46642584,8.51383024,3618181.0,1.8639,20.175001,2.261627,4.949704,1.411354
2024-07-25,sh.601083,8.47590672,8.68448608,8.45694496,8.63708168,4133097.0,2.1291,20.467066,2.294367,5.021359,1.431786
2024-07-26,sh.601083,8.6276008,8.70344784,8.60863904,8.68448608,3217887.0,1.6577,20.579399,2.30696,5.048919,1.439644
2024-07-29,sh.601083,8.6750052,8.9594316,8.61811992,8.77929488,7868967.0,4.0537,20.804065,2.332145,5.104038,1.455361
2024-07-30,sh.601083,8.68448608,8.80773752,8.61811992,8.71292872,5908934.0,3.044,20.646799,2.314515,5.065455,1.444359
2024-07-31,sh.601083,8.71292872,9.0542404,8.68448608,8.98787424,9717868.0,5.0061,21.29833,2.387552,5.2253,1.489937
2024-08-01,sh.601083,8.93098896,9.02579776,8.90254632,8.94046984,5808124.0,2.992,21.185997,2.37496,5.197741,1.482079
2024-08-02,sh.601083,8.92150808,9.04475952,8.85514192,8.88358456,4835259.0,2.4909,21.051198,2.359849,5.164669,1.472649
2024-08-05,sh.601083,8.83618016,8.96891248,8.65604344,8.6750052,5742685.0,2.9583,20.556933,2.304441,5.043407,1.438073
2024-08-06,sh.601083,8.75085224,8.82669928,8.71292872,8.79825664,3990407.0,2.0556,20.848998,2.337182,5.115062,1.458504
2024-08-07,sh.601083,8.7224096,8.78877576,8.69396696,8.70344784,3530300.0,1.8186,20.624333,2.311997,5.059943,1.442787
2024-08-08,sh.601083,8.69396696,8.70344784,8.52331112,8.66552432,4088760.0,2.1063,20.534466,2.301923,5.037895,1.436501
2024-08-09,sh.601083,8.66552432,8.7224096,8.59915816,8.59915816,3111463.0,1.6029,20.3772,2.284293,4.999312,1.425499
2024-08-12,sh.601083,8.5801964,8.61811992,8.54227288,8.56123464,2975412.0,1.5328,20.287334,2.274219,4.977264,1.419213
2024-08-13,sh.601083,8.54227288,8.63708168,8.532792,8.58967728,2476331.0,1.2757,20.354733,2.281775,4.9938,1.423928
2024-08-14,sh.601083,8.54227288,8.58967728,8.49486848,8.49486848,3146563.0,1.6209,20.130067,2.25659,4.93868,1.408211
2024-08-15,sh.601083,8.4853876,8.54227288,8.32421264,8.47590672,5425683.0,2.795,20.085134,2.251553,4.927657,1.405068
2024-08-16,sh.601083,8.45694496,8.4853876,8.36213616,8.37161704,3215354.0,1.6564,19.838002,2.223849,4.867025,1.387779
2024-08-19,sh.601083,8.35265528,8.42850232,8.3431744,8.40005968,2248193.0,1.1581,19.905402,2.231404,4.883561,1.392494
2024-08-20,sh.601083,8.3905788,8.41902144,8.1535568,8.18199944,4816752.0,2.4813,19.38867,2.173479,4.756787,1.356346
2024-08-21,sh.601083,8.1535568,8.21992296,8.1535568,8.18199944,1901021.0,0.9793,19.38867,2.173479,4.756787,1.356346
2024-08-22,sh.601083,8.19148032,8.21044208,8.058748,8.07770976,2607100.0,1.343,19.141537,2.145775,4.696156,1.339058
2024-08-23,sh.601083,8.08719064,8.08719064,7.99238184,8.06822888,2250689.0,1.1594,19.119071,2.143256,4.690644,1.337486
2024-08-26,sh.601083,8.06822888,8.1535568,8.02082448,8.12511416,1831963.0,0.9437,19.25387,2.158368,4.723716,1.346916
2024-08-27,sh.601083,8.09667152,8.1061524,7.99238184,8.0113436,2126226.0,1.0953,18.984271,2.128145,4.657573,1.328056
2024-08-28,sh.601083,8.02082448,8.03978624,7.90705392,8.03978624,2273745.0,1.1713,19.051671,2.135701,4.674108,1.332771
2024-08-29,sh.601083,7.9639392,8.1535568,7.95445832,8.1535568,2542078.0,1.3095,19.32127,2.165923,4.740251,1.351631
2024-08-30,sh.601083,8.1535568,8.29577,8.09667152,8.21044208,5270015.0,2.7148,21.865248,2.120593,5.97747,1.393511
2024-09-02,sh.601083,8.18199944,8.26732736,8.04926712,8.058748,3281229.0,1.6903,21.461272,2.081413,5.867032,1.367765
2024-09-03,sh.601083,8.09667152,8.1535568,8.04926712,8.11563328,2112481.0,1.0882,21.612763,2.096106,5.908446,1.37742
2024-09-04,sh.601083,8.07770976,8.12511416,8.03030536,8.09667152,1861309.0,0.9588,21.562266,2.091208,5.894641,1.374202
2024-09-05,sh.601083,8.09667152,8.12511416,8.04926712,8.07770976,2281341.0,1.1752,21.511769,2.086311,5.880836,1.370983
2024-09-06,sh.601083,8.07770976,8.1061524,7.92601568,7.93549656,2415700.0,1.2444,21.13304,2.04958,5.777301,1.346846
2024-09-09,sh.601083,7.9165348,7.95445832,7.80276424,7.89757304,2236551.0,1.1521,21.032046,2.039785,5.749691,1.34041
2024-09-10,sh.601083,7.89757304,7.94497744,7.7743216,7.89757304,3189600.0,1.6431,21.032046,2.039785,5.749691,1.34041
2024-09-11,sh.601083,7.83120688,7.93549656,7.81224512,7.88809216,2313346.0,1.1917,21.006798,2.037336,5.742789,1.338801
2024-09-12,sh.601083,7.84068776,7.99238184,7.84068776,7.92601568,2757000.0,1.4203,21.107792,2.047131,5.770398,1.345237
2024-09-13,sh.601083,7.95445832,7.95445832,7.8691304,7.94497744,2234563.0,1.1511,21.158289,2.052029,5.784203,1.348456
2024-09-18,sh.601083,7.90705392,7.92601568,7.78380248,7.83120688,2440244.0,1.2571,20.855306,2.022644,5.701374,1.329146
2024-09-19,sh.601083,7.83120688,8.058748,7.83120688,8.058748,3997376.0,2.0592,21.461272,2.081413,5.867032,1.367765
2024-09-20,sh.601083,8.04926712,8.04926712,7.92601568,7.9639392,2313400.0,1.1917,21.208786,2.056926,5.798008,1.351674
2024-09-23,sh.601083,7.95445832,8.02082448,7.89757304,7.97342008,1814499.0,0.9347,21.234035,2.059375,5.80491,1.353283
2024-09-24,sh.601083,8.04926712,8.18199944,7.99238184,8.17251856,5093963.0,2.6241,21.764254,2.110798,5.94986,1.387075
2024-09-25,sh.601083,8.23888472,8.3431744,8.16303768,8.18199944,8151246.0,4.1991,21.789503,2.113247,5.956763,1.388684
2024-09-26,sh.601083,8.17251856,8.36213616,8.1535568,8.3431744,7028477.0,3.6207,22.218728,2.154875,6.074103,1.416039
2024-09-27,sh.601083,8.42850232,8.70344784,8.42850232,8.68448608,9228755.0,4.7541,23.127676,2.243029,6.322589,1.473968
2024-09-30,sh.601083,9.006836,9.46191824,8.75085224,9.3860712,25026796.0,12.8924,24.996069,2.424234,6.833366,1.593044
2024-10-08,sh.601083,10.2393504,10.29623568,9.39555208,9.717902,30870039.0,15.9026,25.879769,2.50994,7.07495,1.649364
2024-10-09,sh.601083,9.54724616,9.61361232,8.90254632,8.94046984,17114344.0,8.8164,23.809387,2.309144,6.508954,1.517415
2024-10-10,sh.601083,8.94046984,9.1964536,8.82669928,9.07320216,9576077.0,4.9331,24.162867,2.343427,6.605587,1.539943
2024-10-11,sh.601083,9.0542404,9.08268304,8.74137136,8.79825664,9038717.0,4.6563,23.430659,2.272414,6.405418,1.493278
2024-10-14,sh.601083,8.78877576,8.97839336,8.77929488,8.94046984,6628181.0,3.4145,23.809387,2.309144,6.508954,1.517415
2024-10-15,sh.601083,8.88358456,9.006836,8.78877576,8.79825664,7322254.0,3.772,23.430659,2.272414,6.405418,1.493278
2024-10-16,sh.601083,8.71292872,8.8646228,8.66552432,8.75085224,5570544.0,2.8696,23.304416,2.26017,6.370906,1.485232
2024-10-17,sh.601083,8.80773752,8.83618016,8.65604344,8.65604344,4707856.0,2.4252,23.051931,2.235683,6.301882,1.469141
2024-10-18,sh.601083,8.65604344,8.9120272,8.6276008,8.8172184,7767620.0,4.0015,23.481156,2.277311,6.419223,1.496496
2024-10-21,sh.601083,8.82669928,8.97839336,8.79825664,8.83618016,8729651.0,4.497,23.531653,2.282208,6.433028,1.499714
2024-10-22,sh.601083,8.82669928,8.94995072,8.79825664,8.92150808,7098712.0,3.6569,23.75889,2.304247,6.495149,1.514196
2024-10-23,sh.601083,8.96891248,9.006836,8.90254632,8.9594316,7987939.0,4.1149,23.859884,2.314042,6.522759,1.520633
2024-10-24,sh.601083,8.9120272,9.13008744,8.82669928,8.93098896,9709995.0,5.0021,23.784139,2.306696,6.502052,1.515806
2024-10-25,sh.601083,8.8646228,9.04475952,8.8646228,9.04475952,9502489.0,4.8952,24.087121,2.33608,6.58488,1.535115
2024-10-28,sh.601083,9.06372128,9.26281976,9.03527864,9.23437712,11939220.0,6.1504,24.592092,2.385055,6.722928,1.567298
2024-10-29,sh.601083,9.23437712,9.2912624,9.04475952,9.04475952,9240763.0,4.7603,24.087121,2.33608,6.58488,1.535115
2024-10-30,sh.601083,9.04475952,9.15853008,8.96891248,9.07320216,6932694.0,3.5713,24.162867,2.343427,6.605587,1.539943
2024-10-31,sh.601083,9.34814768,9.3860712,9.21541536,9.30074328,14663667.0,7.5539,16.631331,2.277437,5.231933,1.539947
2024-11-01,sh.601083,9.36710944,9.4334756,9.22489624,9.25333888,12559014.0,6.4697,16.546564,2.26583,5.205267,1.532098
2024-11-04,sh.601083,9.25333888,9.3860712,9.20593448,9.37659032,8413898.0,4.3344,16.766958,2.29601,5.274599,1.552505
2024-11-05,sh.601083,9.40503296,9.49984176,9.36710944,9.46191824,11807567.0,6.0826,16.919539,2.316904,5.322599,1.566633
2024-11-06,sh.601083,9.46191824,9.51880352,9.36710944,9.40503296,10362377.0,5.3381,16.817819,2.302975,5.290599,1.557215
2024-11-07,sh.601083,9.34814768,9.5282844,9.31970504,9.5282844,11336321.0,5.8399,17.038214,2.333155,5.359932,1.577622
2024-11-08,sh.601083,9.55672704,9.59465056,9.44295648,9.49036088,9085697.0,4.6805,16.9704,2.323868,5.338599,1.571342
2024-11-11,sh.601083,9.48088,9.717902,9.45243736,9.717902,11822267.0,6.0902,17.377282,2.379586,5.466597,1.609017
2024-11-12,sh.601083,9.74634464,9.75582552,9.5756888,9.63257408,10209257.0,5.2593,17.224701,2.358692,5.418598,1.594889
2024-11-13,sh.601083,9.64205496,9.92648136,9.61361232,9.75582552,12093601.0,6.23,17.445096,2.388872,5.48793,1.615296
2024-11-14,sh.601083,9.67997848,9.717902,9.45243736,9.46191824,9177369.0,4.7277,16.919539,2.316904,5.322599,1.566633
2024-11-15,sh.601083,9.53861725,9.6440693,9.3756459,9.3756459,8592791.0,4.4265,16.58047,2.270473,5.215934,1.535238
2024-11-18,sh.601083,9.4331652,9.5098576,9.2989535,9.3181266,7526861.0,3.8774,16.47875,2.256544,5.183934,1.525819
2024-11-19,sh.601083,9.3181266,9.46192485,9.27019385,9.46192485,6198603.0,3.1932,16.733052,2.291367,5.263933,1.549366
2024-11-20,sh.601083,9.40440555,9.53861725,9.394819,9.5290307,7027629.0,3.6202,16.851726,2.307618,5.301266,1.560354
2024-11-21,sh.601083,9.51944415,9.55779035,9.42357865,9.4906845,5209114.0,2.6835,16.783912,2.298331,5.279933,1.554075
2024-11-22,sh.601083,9.4523383,9.5290307,9.15515525,9.1647418,7300006.0,3.7606,16.207495,2.219399,5.098602,1.500703
2024-11-25,sh.601083,9.1455687,9.3372997,9.1263956,9.28936695,5204474.0,2.6811,16.427889,2.249579,5.167934,1.52111
2024-11-26,sh.601083,9.25102075,9.30854005,9.19350145,9.19350145,3746100.0,1.9298,16.258355,2.226363,5.114601,1.505412
2024-11-27,sh.601083,9.19350145,9.2222611,8.9346646,9.21267455,6389500.0,3.2915,16.292262,2.231007,5.125268,1.508552
2024-11-28,sh.601083,9.23184765,9.2414342,9.1455687,9.15515525,4231300.0,2.1797,16.190541,2.217077,5.093268,1.499133
2024-11-29,sh.601083,9.13598215,9.2606073,9.1072225,9.23184765,5165099.0,2.6608,16.326169,2.23565,5.135935,1.511691
2024-12-02,sh.601083,9.21267455,9.3372997,9.21267455,9.32771315,5873719.0,3.0258,16.495703,2.258865,5.189267,1.527389
2024-12-03,sh.601083,9.3372997,9.34688625,9.23184765,9.3181266,5502594.0,2.8346,16.47875,2.256544,5.183934,1.525819
2024-12-04,sh.601083,9.3181266,9.32771315,9.15515525,9.17432835,6565158.0,3.382,16.224448,2.22172,5.103935,1.502272
2024-12-05,sh.601083,9.15515525,9.3564728,9.15515525,9.3372997,7808763.0,4.0226,16.512657,2.261187,5.1946,1.528959
2024-12-06,sh.601083,9.2989535,9.44275175,9.2989535,9.4331652,6224400.0,3.2065,16.682191,2.284402,5.247933,1.544656
2024-12-09,sh.601083,9.4906845,9.4906845,9.36605935,9.4523383,4467748.0,2.3015,16.716098,2.289045,5.2586,1.547796
2024-12-10,sh.601083,9.6057231,9.65365585,9.34688625,9.394819,8869500.0,4.5691,16.614377,2.275116,5.2266,1.538377
2024-12-11,sh.601083,9.4331652,9.69200205,9.40440555,9.6824155,13812338.0,7.1154,17.122981,2.344762,5.386598,1.58547
2024-12-12,sh.601083,9.67282895,9.71117515,9.58655,9.69200205,9899233.0,5.0995,17.139934,2.347084,5.391931,1.58704
2024-12-13,sh.601083,9.67282895,9.7974541,9.61530965,9.6248962,10724531.0,5.5247,17.02126,2.330833,5.354598,1.576052
2024-12-16,sh.601083,9.6057231,9.71117515,9.53861725,9.58655,6233567.0,3.2112,16.953446,2.321547,5.333265,1.569773
2024-12-17,sh.601083,9.59613655,9.6632424,9.40440555,9.4331652,6070773.0,3.1273,16.682191,2.284402,5.247933,1.544656
2024-12-18,sh.601083,9.4715114,9.55779035,9.4331652,9.4523383,4442993.0,2.2888,16.716098,2.289045,5.2586,1.547796
2024-12-19,sh.601083,9.40440555,9.44275175,9.2989535,9.4139921,4650380.0,2.3956,16.648284,2.279759,5.237267,1.541517
2024-12-20,sh.601083,9.36605935,9.4715114,9.36605935,9.40440555,3369800.0,1.7359,16.631331,2.277437,5.231933,1.539947
2024-12-23,sh.601083,9.3564728,9.4331652,9.17432835,9.1839149,5187533.0,2.6723,16.241402,2.224042,5.109268,1.503842
2024-12-24,sh.601083,9.1839149,9.3564728,9.17432835,9.32771315,4798700.0,2.472,16.495703,2.258865,5.189267,1.527389
2024-12-25,sh.601083,9.2989535,9.32771315,9.17432835,9.2414342,3763857.0,1.9389,16.343122,2.237971,5.141268,1.513261
2024-12-26,sh.601083,9.2414342,9.2989535,9.19350145,9.21267455,4244862.0,2.1867,16.292262,2.231007,5.125268,1.508552
2024-12-27,sh.601083,9.21267455,9.36605935,9.1455687,9.34688625,5012095.0,2.582,16.52961,2.263508,5.199934,1.530528
2024-12-30,sh.601083,9.30854005,9.394819,9.27019385,9.3181266,3772030.0,1.9431,16.47875,2.256544,5.183934,1.525819
2024-12-31,sh.601083,9.2989535,9.3756459,9.1072225,9.1263956,4784217.0,2.4646,16.139681,2.210113,5.077269,1.494424
2025-01-02,sh.601083,9.11680905,9.23184765,8.88673185,8.98259735,6710565.0,3.4569,15.885379,2.175289,4.99727,1.470877
2025-01-03,sh.601083,9.00177045,9.1455687,8.86755875,8.8963184,6015523.0,3.0989,15.732798,2.154396,4.94927,1.456749
2025-01-06,sh.601083,8.8963184,9.05928975,8.79086635,8.9730108,5182500.0,2.6697,15.868426,2.172968,4.991936,1.469307
2025-01-07,sh.601083,8.96342425,9.02094355,8.86755875,8.9538377,3996900.0,2.059,15.834519,2.168325,4.98127,1.466168
2025-01-08,sh.601083,8.9154915,8.9921839,8.7621067,8.88673185,4841428.0,2.494,15.715845,2.152074,4.943937,1.455179
2025-01-09,sh.601083,8.82921255,8.84838565,8.69500085,8.77169325,3731404.0,1.9222,15.512403,2.124215,4.879938,1.436342
2025-01-10,sh.601083,8.8004529,8.82921255,8.63748155,8.63748155,3343547.0,1.7224,15.275055,2.091714,4.805272,1.414365
2025-01-13,sh.601083,8.627895,8.7237605,8.5512026,8.67582775,3361342.0,1.7316,15.342869,2.101,4.826605,1.420644
2025-01-14,sh.601083,8.7045874,8.8771453,8.67582775,8.86755875,4336171.0,2.2338,15.681938,2.147431,4.93327,1.45204
2025-01-15,sh.601083,8.84838565,8.8963184,8.8004529,8.82921255,2630373.0,1.355,15.614124,2.138145,4.911937,1.445761
2025-01-16,sh.601083,8.84838565,8.92507805,8.7812798,8.82921255,3823800.0,1.9698,15.614124,2.138145,4.911937,1.445761
2025-01-17,sh.601083,8.819626,8.9346646,8.7621067,8.92507805,3196600.0,1.6467,15.783659,2.16136,4.96527,1.461458
2025-01-20,sh.601083,8.9538377,9.0688763,8.92507805,9.0497032,4043156.0,2.0828,16.004053,2.19154,5.034603,1.481865
2025-01-21,sh.601083,9.05928975,9.0880494,8.9730108,9.0305301,2860423.0,1.4735,15.970146,2.186897,5.023936,1.478726
2025-01-22,sh.601083,8.9730108,9.0688763,8.9538377,9.02094355,3787037.0,1.9509,15.953193,2.184576,5.018603,1.477156
2025-01-23,sh.601083,9.0688763,9.1455687,9.02094355,9.0497032,3801455.0,1.9583,16.004053,2.19154,5.034603,1.481865
2025-01-24,sh.601083,9.0305301,9.1072225,8.98259735,9.011357,3199026.0,1.648,15.93624,2.182254,5.013269,1.475586
2025-01-27,sh.601083,9.04011665,9.15515525,9.04011665,9.0880494,3392367.0,1.7476,16.071867,2.200826,5.055936,1.488145
2025-02-05,sh.601083,9.1263956,9.15515525,8.98259735,9.011357,4256597.0,2.1928,15.93624,2.182254,5.013269,1.475586
2025-02-06,sh.601083,8.98259735,9.04011665,8.9346646,9.02094355,4333462.0,2.2324,15.953193,2.184576,5.018603,1.477156
2025-02-07,sh.601083,9.02094355,9.0880494,8.94425115,9.0305301,5756038.0,2.9652,15.970146,2.186897,5.023936,1.478726
2025-02-10,sh.601083,9.04011665,9.07846285,8.9921839,9.011357,4615494.0,2.3776,15.93624,2.182254,5.013269,1.475586
2025-02-11,sh.601083,9.0497032,9.05928975,8.96342425,9.02094355,4350736.0,2.2413,15.953193,2.184576,5.018603,1.477156
2025-02-12,sh.601083,8.9921839,9.04011665,8.9730108,9.04011665,3936624.0,2.0279,15.9871,2.189219,5.029269,1.480296
2025-02-13,sh.601083,9.04011665,9.0688763,8.98259735,8.9921839,4355936.0,2.2439,15.902333,2.177611,5.002603,1.472447
2025-02-14,sh.601083,8.9921839,9.0305301,8.92507805,8.9538377,3472366.0,1.7888,15.834519,2.168325,4.98127,1.466168
2025-02-17,sh.601083,8.96342425,8.9921839,8.8771453,8.9730108,5226202.0,2.6923,15.868426,2.172968,4.991936,1.469307
2025-02-18,sh.601083,8.9730108,9.02094355,8.82921255,8.86755875,4778459.0,2.4616,15.681938,2.147431,4.93327,1.45204
2025-02-19,sh.601083,8.8387991,8.90590495,8.8387991,8.8771453,3031150.0,1.5615,15.698891,2.149752,4.938604,1.45361
2025-02-20,sh.601083,8.86755875,8.88673185,8.819626,8.86755875,3632900.0,1.8715,15.681938,2.147431,4.93327,1.45204
2025-02-21,sh.601083,8.8579722,8.86755875,8.77169325,8.8579722,4276700.0,2.2031,15.664984,2.145109,4.927937,1.45047
2025-02-24,sh.601083,8.82921255,8.88673185,8.819626,8.84838565,3467700.0,1.7864,15.648031,2.142788,4.922604,1.4489
2025-02-25,sh.601083,8.82921255,8.86755875,8.79086635,8.79086635,3587767.0,1.8482,15.54631,2.128858,4.890604,1.439482
2025-02-26,sh.601083,8.8004529,8.8963184,8.8004529,8.88673185,3750664.0,1.9321,15.715845,2.152074,4.943937,1.455179
2025-02-27,sh.601083,8.86755875,8.9154915,8.81003945,8.86755875,3664485.0,1.8877,15.681938,2.147431,4.93327,1.45204
2025-02-28,sh.601083,8.84838565,8.8771453,8.7429336,8.77169325,3713100.0,1.9128,15.512403,2.124215,4.879938,1.436342
2025-03-03,sh.601083,8.7621067,8.8004529,8.6662412,8.6854143,7595800.0,3.9129,15.359822,2.103321,4.831938,1.422214
2025-03-04,sh.601083,8.6662412,8.7237605,8.63748155,8.71417395,4005938.0,2.0636,15.410683,2.110286,4.847938,1.426923
2025-03-05,sh.601083,8.67582775,8.7045874,8.627895,8.6854143,3256338.0,1.6775,15.359822,2.103321,4.831938,1.422214
2025-03-06,sh.601083,8.67582775,8.7429336,8.65665465,8.7429336,3860319.0,1.9886,15.461543,2.117251,4.863938,1.431633
2025-03-07,sh.601083,8.73334705,8.7621067,8.6854143,8.71417395,3594711.0,1.8518,15.410683,2.110286,4.847938,1.426923
2025-03-10,sh.601083,8.7237605,8.79086635,8.7045874,8.75252015,4206676.0,2.167,15.478496,2.119572,4.869271,1.433202
2025-03-11,sh.601083,8.71417395,8.7429336,8.59913535,8.6662412,6701000.0,3.452,15.325915,2.098678,4.821272,1.419075
2025-03-12,sh.601083,8.67582775,8.8963184,8.61830845,8.7429336,13446798.0,6.9271,15.461543,2.117251,4.863938,1.431633
2025-03-13,sh.601083,8.7237605,8.7429336,8.61830845,8.6470681,11123800.0,5.7304,15.292009,2.094035,4.810605,1.415935
2025-03-14,sh.601083,8.65665465,8.8771453,8.63748155,8.82921255,13449720.0,6.9286,15.614124,2.138145,4.911937,1.445761
2025-03-17,sh.601083,8.86755875,9.011357,8.8579722,8.9538377,11753822.0,6.0549,15.834519,2.168325,4.98127,1.466168
2025-03-18,sh.601083,8.9921839,9.11680905,8.8771453,9.0305301,12280183.0,6.3261,15.970146,2.186897,5.023936,1.478726
2025-03-19,sh.601083,8.96342425,9.0305301,8.8963184,8.9346646,7677711.0,3.9551,15.800612,2.163682,4.970603,1.463028
2025-03-20,sh.601083,8.94425115,9.1455687,8.9346646,9.0497032,10316897.0,5.3147,16.004053,2.19154,5.034603,1.481865
2025-03-21,sh.601083,9.011357,9.17432835,9.011357,9.07846285,11817936.0,6.088,16.054914,2.198505,5.050602,1.486575
2025-03-24,sh.601083,9.0880494,9.1647418,8.90590495,9.0305301,9099691.0,4.6877,15.970146,2.186897,5.023936,1.478726
2025-03-25,sh.601083,9.04011665,9.0880494,8.9730108,9.07846285,6700741.0,3.4519,16.054914,2.198505,5.050602,1.486575
2025-03-26,sh.601083,9.0880494,9.1455687,9.0497032,9.05928975,5850589.0,3.0139,16.021007,2.193862,5.039936,1.483435
2025-03-27,sh.601083,9.05928975,9.0880494,8.96342425,9.011357,4248033.0,2.1884,15.93624,2.182254,5.013269,1.475586
2025-03-28,sh.601083,8.98259735,9.04011665,8.92507805,8.9538377,4220700.0,2.1743,15.834519,2.168325,4.98127,1.466168
2025-03-31,sh.601083,8.94425115,9.1072225,8.90590495,9.09763595,10508150.0,5.4132,16.088821,2.203148,5.061269,1.489714
2025-04-01,sh.601083,9.17432835,9.36605935,9.11680905,9.2797804,15722710.0,8.0995,12.273755,2.098419,368.573813,1.453585
2025-04-02,sh.601083,9.25102075,9.3372997,9.23184765,9.2797804,7704918.0,3.9692,12.273755,2.098419,368.573813,1.453585
2025-04-03,sh.601083,9.203088,9.4139921,9.1455687,9.38523245,10722980.0,5.5239,12.413229,2.122265,372.762152,1.470103
2025-04-07,sh.601083,9.011357,9.1455687,8.44575055,8.50326985,16632605.0,8.5682,11.246716,1.922828,337.732409,1.331953
2025-04-08,sh.601083,8.6087219,8.88673185,8.57996225,8.73334705,13410728.0,6.9085,11.551024,1.974855,346.870603,1.367992
2025-04-09,sh.601083,8.79086635,9.6057231,8.5512026,9.6057231,21179290.0,10.9104,12.704858,2.172124,381.519587,1.504641
2025-04-10,sh.601083,10.5643781,10.5643781,10.5643781,10.5643781,13724199.0,7.07,13.972808,2.388903,419.595395,1.654805
2025-04-11,sh.601083,11.0245325,11.50386,10.1809161,10.2767816,99031422.0,51.0156,13.592423,2.323869,408.172652,1.609756
2025-04-14,sh.601083,9.9891851,10.3151278,9.7974541,10.03711785,58141038.0,29.9511,13.275435,2.269675,398.653701,1.572215
2025-04-15,sh.601083,10.736936,11.0437056,10.736936,11.0437056,28036725.0,14.443,14.606783,2.497292,438.633298,1.729887
2025-04-16,sh.601083,11.0245325,11.1779173,10.32471435,10.5835512,66761787.0,34.392,13.998167,2.393239,420.356911,1.657808
2025-04-17,sh.601083,10.5068588,10.6794167,10.11381025,10.65065705,48470686.0,24.9694,14.086923,2.408413,423.022217,1.66832
2025-04-18,sh.601083,10.4493395,10.59313775,10.11381025,10.11381025,34580913.0,17.8142,13.376871,2.287017,401.699765,1.584228
2025-04-21,sh.601083,10.11381025,10.40140675,10.11381025,10.15215645,24355848.0,12.5468,13.427589,2.295688,403.222797,1.590234
2025-04-22,sh.601083,10.11381025,10.72734945,10.11381025,10.4109933,41150035.0,21.1982,13.769936,2.354218,413.503265,1.630779
2025-04-23,sh.601083,10.353474,10.4876857,10.1233968,10.1809161,30260320.0,15.5885,13.465628,2.302191,404.365072,1.594739
2025-04-24,sh.601083,10.13298335,10.2000892,9.90290615,9.92207925,21952164.0,11.3086,13.123281,2.243661,394.084604,1.554195
2025-04-25,sh.601083,9.99877165,10.40140675,9.96042545,10.26719505,23974781.0,12.3505,13.579743,2.321702,407.791894,1.608254
2025-04-28,sh.601083,10.24802195,10.545205,10.1809161,10.4493395,26116574.0,13.4538,13.820654,2.36289,415.026298,1.636785
2025-04-29,sh.601083,10.36306055,10.5260319,10.2767816,10.36306055,18221800.0,9.3869,13.706538,2.343379,411.599475,1.62327
2025-04-30,sh.601083,10.43975295,10.43975295,10.03711785,10.0467044,22788927.0,11.7396,10.823112,2.123924,35.822567,1.512767
2025-05-06,sh.601083,10.07546405,10.8711477,10.0467044,10.72734945,39200980.0,20.1942,11.556357,2.267816,38.249477,1.615254
2025-05-07,sh.601083,10.7944553,10.8328015,10.53561845,10.63148395,20814059.0,10.7223,11.453083,2.247549,37.907659,1.600819
2025-05-08,sh.601083,10.63148395,10.76569565,10.53561845,10.68900325,16528300.0,8.5145,11.515047,2.259709,38.11275,1.60948
2025-05-09,sh.601083,10.736936,10.91908045,10.545205,10.65065705,18048535.0,9.2976,11.473738,2.251602,37.976022,1.603706
2025-05-12,sh.601083,10.72734945,10.76569565,10.4876857,10.6602436,16362930.0,8.4293,11.484065,2.253629,38.010204,1.60515
2025-05-13,sh.601083,10.99577285,11.72435065,10.6027243,11.32171555,49157904.0,25.3235,12.196655,2.393468,40.368751,1.70475
2025-05-14,sh.601083,11.120398,12.45292845,11.1012249,12.45292845,79368897.0,40.8865,13.415288,2.632612,44.402208,1.87508
2025-05-15,sh.601083,13.20067935,13.69917995,13.06646765,13.69917995,109502098.0,56.4095,14.75785,2.896076,48.845847,2.062733
2025-05-16,sh.601083,12.89390975,13.229439,12.35706295,12.4816881,80916786.0,41.6839,13.44627,2.638692,44.504754,1.879411
2025-05-19,sh.601083,12.4241688,13.0185349,12.14615885,12.4433419,64166971.0,33.0553,13.404961,2.630585,44.368026,1.873637
2025-05-20,sh.601083,12.0982261,12.1749185,11.4079945,11.4271676,58856497.0,30.3196,12.310257,2.415761,40.744751,1.720628
2025-05-21,sh.601083,11.312129,11.60931205,11.2354366,11.43675415,37511823.0,19.324,12.320584,2.417787,40.778933,1.722071
2025-05-22,sh.601083,11.24502315,11.62848515,11.1970904,11.47510035,32547231.0,16.7666,12.361894,2.425894,40.91566,1.727845
2025-05-23,sh.601083,11.41758105,11.41758105,11.0628787,11.1012249,25332365.0,13.0498,11.959125,2.346855,39.582569,1.67155
2025-05-26,sh.601083,11.1012249,11.4079945,11.07246525,11.36006175,22199965.0,11.4362,12.237965,2.401574,40.505478,1.710524
2025-05-27,sh.601083,11.3696483,11.4463407,11.16833075,11.41758105,20317556.0,10.4665,12.299929,2.413734,40.710569,1.719184
2025-05-28,sh.601083,11.39840795,11.43675415,11.2162635,11.24502315,14360200.0,7.3976,12.114036,2.377254,40.095296,1.693202
2025-05-29,sh.601083,11.26419625,11.4079945,11.22585005,11.32171555,16252229.0,8.3723,12.196655,2.393468,40.368751,1.70475
2025-05-30,sh.601083,11.26419625,11.3504752,11.1012249,11.120398,13963987.0,7.1935,11.97978,2.350908,39.650932,1.674437
2025-06-03,sh.601083,11.0820518,11.1970904,11.0437056,11.1012249,10904999.0,5.6177,11.959125,2.346855,39.582569,1.67155
2025-06-04,sh.601083,11.0820518,11.12998455,10.9478401,11.120398,11542325.0,5.946,11.97978,2.350908,39.650932,1.674437
2025-06-05,sh.601083,11.11081145,11.120398,11.01494595,11.0437056,8256724.0,4.2534,11.897161,2.334695,39.377478,1.662889
2025-06-06,sh.601083,11.05329215,11.14915765,10.97659975,10.9861863,10322457.0,5.3176,11.835197,2.322535,39.172387,1.654228
2025-06-09,sh.601083,11.05329215,11.11081145,10.9861863,11.1012249,8406308.0,4.3305,11.959125,2.346855,39.582569,1.67155
2025-06-10,sh.601083,11.1012249,11.9640144,11.0437056,11.85856235,54976137.0,28.3207,12.77499,2.50696,42.282934,1.785585
2025-06-11,sh.601083,11.59013895,11.9064951,11.312129,11.43675415,43369886.0,22.3418,12.320584,2.417787,40.778933,1.722071
2025-06-12,sh.601083,11.34088865,11.34088865,11.09163835,11.18750385,20421039.0,10.5198,12.052072,2.365095,39.890205,1.684541
2025-06-13,sh.601083,11.1970904,11.37923485,11.12998455,11.1395711,20725926.0,10.6769,12.000435,2.354961,39.719296,1.677324
2025-06-16,sh.601083,11.11081145,11.18750385,10.97659975,11.05329215,14008900.0,7.2166,11.907488,2.336722,39.41166,1.664332
2025-06-17,sh.601083,11.06312625,11.24997016,10.95495346,11.16146515,14571526.0,7.5065,11.721595,2.300242,38.796387,1.63835
2025-06-18,sh.601083,11.19096682,11.4073124,11.0139568,11.03362458,12134500.0,6.251,11.587339,2.273896,38.352023,1.619584
2025-06-19,sh.601083,10.96478735,10.99428902,10.63043509,10.66977065,15109700.0,7.7837,11.205225,2.19891,37.087295,1.566176
2025-06-20,sh.601083,10.66977065,10.96478735,10.66977065,10.86644845,11662945.0,6.0081,11.411773,2.239443,37.770931,1.595045
2025-06-23,sh.601083,11.3089735,11.65315965,11.19096682,11.52531908,37769525.0,19.4568,12.103709,2.375228,40.061115,1.691758
2025-06-24,sh.601083,10.817279,11.07296014,10.817279,10.93528568,30932004.0,15.9345,11.484065,2.253629,38.010204,1.60515
2025-06-25,sh.601083,10.89595012,10.99428902,10.84678067,10.96478735,14764174.0,7.6057,11.515047,2.259709,38.11275,1.60948
2025-06-26,sh.601083,10.99428902,10.99428902,10.87628234,10.9156179,11999981.0,6.1817,11.46341,2.249576,37.941841,1.602263
2025-06-27,sh.601083,10.87628234,10.92545179,10.817279,10.84678067,12876510.0,6.6333,11.391118,2.235389,37.702568,1.592158
2025-06-30,sh.601083,10.86644845,10.92545179,10.77794344,10.92545179,9147228.0,4.7122,11.473738,2.251602,37.976022,1.603706
2025-07-01,sh.601083,10.92545179,11.0139568,10.87628234,10.98445513,10199410.0,5.2542,11.535702,2.263762,38.181113,1.612367
2025-07-02,sh.601083,11.09262792,11.1122957,10.97462124,10.98445513,11662023.0,6.0076,11.535702,2.263762,38.181113,1.612367
2025-07-03,sh.601083,10.93528568,11.07296014,10.93528568,11.05329236,8701150.0,4.4824,11.607994,2.277949,38.420386,1.622471
2025-07-04,sh.601083,11.03362458,11.34830906,11.0139568,11.16146515,17361600.0,8.9437,11.721595,2.300242,38.796387,1.63835
2025-07-07,sh.601083,11.13196348,11.28930572,11.07296014,11.24013627,11622209.0,5.9871,11.804214,2.316455,39.069841,1.649897
2025-07-08,sh.601083,11.22046849,11.36797684,11.18113293,11.29913961,12209669.0,6.2898,11.866179,2.328615,39.274932,1.658558
2025-07-09,sh.601083,11.25980405,11.32864128,11.15163126,11.18113293,10912302.0,5.6214,11.74225,2.304295,38.86475,1.641237
2025-07-10,sh.601083,11.18113293,11.24997016,11.14179737,11.2106346,7843000.0,4.0403,11.773232,2.310375,38.967296,1.645567
2025-07-11,sh.601083,11.2106346,11.25980405,11.15163126,11.22046849,10028500.0,5.1661,11.78356,2.312402,39.001478,1.64701
2025-07-14,sh.601083,11.22046849,11.33847517,11.2106346,11.3089735,10665462.0,5.4943,11.876506,2.330642,39.309114,1.660002
2025-07-15,sh.601083,11.69249521,12.05634914,11.54498686,11.84000356,46223217.0,23.8117,12.434186,2.44008,41.154933,1.73795
2025-07-16,sh.601083,11.7023291,11.92850857,11.68266132,11.74166466,24423428.0,12.5816,12.330912,2.419814,40.813115,1.723515
2025-07-17,sh.601083,11.72199688,11.83016967,11.65315965,11.75149855,15789400.0,8.1338,12.341239,2.421841,40.847297,1.724958
2025-07-18,sh.601083,11.76133244,12.0956847,11.67282743,11.97767802,27167029.0,13.995,12.578769,2.468453,41.633479,1.758158
2025-07-21,sh.601083,11.9973458,12.04651525,11.8990069,11.97767802,15622964.0,8.0481,12.578769,2.468453,41.633479,1.758158
2025-07-22,sh.601083,11.94817635,12.01701358,11.82033578,11.9973458,16716730.0,8.6115,12.599424,2.472507,41.701843,1.761045
2025-07-23,sh.601083,11.98751191,12.35136584,11.90884079,12.11535248,23467477.0,12.0892,12.723353,2.496827,42.112025,1.778367
2025-07-24,sh.601083,12.23335916,12.23335916,12.06618303,12.16452193,13181122.0,6.7902,12.77499,2.50696,42.282934,1.785585
2025-07-25,sh.601083,12.15468804,12.18418971,11.97767802,11.97767802,16193015.0,8.3418,12.578769,2.468453,41.633479,1.758158
2025-07-28,sh.601083,11.97767802,12.01701358,11.91867468,11.95801024,9771530.0,5.0338,12.558114,2.4644,41.565115,1.755271
2025-07-29,sh.601083,11.96784413,11.98751191,11.83016967,11.93834246,8168535.0,4.208,12.537459,2.460347,41.496752,1.752384
2025-07-30,sh.601083,11.94817635,12.06618303,11.8990069,11.96784413,9909314.0,5.1047,12.568442,2.466427,41.599297,1.756715
2025-07-31,sh.601083,11.94817635,11.96784413,11.67282743,11.7023291,12482809.0,6.4305,12.289602,2.411707,40.676388,1.717741
2025-08-01,sh.601083,11.76133244,11.83016967,11.68266132,11.76133244,8805507.0,4.5361,12.351566,2.423867,40.881479,1.726402
2025-08-04,sh.601083,11.7023291,11.8990069,11.61382409,11.87933912,7282276.0,3.7514,12.475495,2.448187,41.291661,1.743724
2025-08-05,sh.601083,11.87933912,11.93834246,11.84983745,11.8990069,5690400.0,2.9314,12.49615,2.45224,41.360024,1.746611
2025-08-06,sh.601083,11.87933912,11.93834246,11.81050189,11.92850857,7493959.0,3.8605,12.527132,2.45832,41.46257,1.750941
2025-08-07,sh.601083,11.95801024,11.95801024,11.86950523,11.90884079,6388408.0,3.291,12.506477,2.454267,41.394206,1.748054
2025-08-08,sh.601083,11.87933912,12.01701358,11.86950523,11.97767802,7343447.0,3.7829,12.578769,2.468453,41.633479,1.758158
2025-08-11,sh.601083,11.9973458,12.11535248,11.93834246,12.10551859,9134526.0,4.7056,12.713025,2.4948,42.077843,1.776924
2025-08-12,sh.601083,12.15468804,12.44970474,12.11535248,12.2923625,19062200.0,9.8198,12.909246,2.533306,42.727298,1.80435
2025-08-13,sh.601083,12.28252861,12.34153195,12.11535248,12.22352527,12502401.0,6.4406,12.836954,2.51912,42.488025,1.794245
2025-08-14,sh.601083,12.27269472,12.2923625,12.04651525,12.07601692,10373592.0,5.3439,12.682043,2.48872,41.975297,1.772593
2025-08-15,sh.601083,11.9973458,12.14485415,11.9973458,12.12518637,6593142.0,3.3964,12.73368,2.498853,42.146207,1.779811
2025-08-18,sh.601083,12.12518637,12.1940236,12.07601692,12.14485415,10002728.0,5.1529,12.754335,2.502906,42.21457,1.782698
2025-08-19,sh.601083,12.14485415,12.17435582,12.01701358,12.01701358,8403832.0,4.3292,12.620079,2.47656,41.770206,1.763932
2025-08-20,sh.601083,12.01701358,12.08585081,11.95801024,12.08585081,6650900.0,3.4262,12.69237,2.490747,42.009479,1.774037
2025-08-21,sh.601083,12.12518637,12.14485415,12.04651525,12.0956847,7475523.0,3.851,12.702698,2.492773,42.043661,1.77548
2025-08-22,sh.601083,12.04651525,12.10551859,12.00717969,12.08585081,6899720.0,3.5544,12.69237,2.490747,42.009479,1.774037
2025-08-25,sh.601083,12.11535248,12.24319305,12.08585081,12.18418971,11976443.0,6.1696,12.795644,2.511013,42.351298,1.788471
2025-08-26,sh.601083,12.18418971,12.35136584,12.11535248,12.30219639,9972480.0,5.1373,12.919573,2.535333,42.76148,1.805793
2025-08-27,sh.601083,12.28252861,12.32186417,12.03668136,12.04651525,11388027.0,5.8665,12.651061,2.48264,41.872752,1.768263
2025-08-28,sh.601083,12.03668136,12.28252861,11.94817635,12.26286083,13192002.0,6.7958,12.878264,2.527226,42.624752,1.800019
2025-08-29,sh.601083,12.24319305,12.25302694,11.94817635,11.96784413,16724086.0,8.6153,10.514525,2.361519,20.779853,1.750795
2025-09-01,sh.601083,12.01701358,12.14485415,11.92850857,11.95801024,11729907.0,6.0426,10.505886,2.359578,20.762779,1.749356
2025-09-02,sh.601083,11.98751191,12.04651525,11.74166466,11.85967134,11631402.0,5.9919,10.419489,2.340174,20.592032,1.73497
2025-09-03,sh.601083,11.85967134,11.87933912,11.56465464,11.58432242,8348400.0,4.3006,10.177577,2.285841,20.113942,1.694689
2025-09-04,sh.601083,11.56465464,11.69249521,11.49581741,11.61382409,8423143.0,4.3391,10.203496,2.291663,20.165166,1.699005
2025-09-05,sh.601083,11.63349187,11.66299354,11.48598352,11.65315965,7312400.0,3.7669,10.238055,2.299424,20.233464,1.704759
2025-09-08,sh.601083,11.65315965,12.0956847,11.61382409,11.92850857,16290576.0,8.392,10.479967,2.353757,20.711555,1.74504
2025-09-09,sh.601083,11.92850857,11.93834246,11.68266132,11.7023291,9105800.0,4.6908,10.281253,2.309127,20.318838,1.711952
2025-09-10,sh.601083,11.7023291,11.78100022,11.66299354,11.74166466,6902100.0,3.5556,10.315812,2.316888,20.387136,1.717707
2025-09-11,sh.601083,11.73183077,11.76133244,11.55482075,11.75149855,7107404.0,3.6613,10.324452,2.318829,20.404211,1.719145
2025-09-12,sh.601083,11.76133244,11.84000356,11.68266132,11.7023291,6316736.0,3.254,10.281253,2.309127,20.318838,1.711952
2025-09-15,sh.601083,11.76133244,11.77116633,11.63349187,11.65315965,7669403.0,3.9509,10.238055,2.299424,20.233464,1.704759
2025-09-16,sh.601083,11.65315965,11.76133244,11.63349187,11.75149855,5435674.0,2.8002,10.324452,2.318829,20.404211,1.719145
2025-09-17,sh.601083,11.81050189,11.81050189,11.64332576,11.66299354,6745692.0,3.475,10.246695,2.301365,20.250539,1.706198
2025-09-18,sh.601083,11.63349187,11.67282743,11.33847517,11.39747851,10514700.0,5.4166,10.013422,2.248973,19.789523,1.667355
2025-09-19,sh.601083,11.39747851,11.63349187,11.38764462,11.54498686,7407091.0,3.8157,10.143018,2.27808,20.045643,1.688934
2025-09-22,sh.601083,11.54498686,11.56465464,11.33847517,11.37781073,6080429.0,3.1323,9.996143,2.245092,19.755374,1.664478
2025-09-23,sh.601083,11.4073124,11.56465464,11.27947183,11.45648185,10715000.0,5.5198,10.065261,2.260616,19.891971,1.675987
2025-09-24,sh.601083,11.35814295,11.58432242,11.32864128,11.51548519,7427300.0,3.8261,10.117099,2.272258,19.994419,1.684619
2025-09-25,sh.601083,11.52531908,11.52531908,11.32864128,11.37781073,7063865.0,3.6389,9.996143,2.245092,19.755374,1.664478
2025-09-26,sh.601083,11.29913961,11.43681407,11.28930572,11.33847517,4556421.0,2.3472,9.961584,2.23733,19.687076,1.658723
2025-09-29,sh.601083,11.35814295,11.38764462,11.17129904,11.32864128,6363130.0,3.2779,9.952944,2.23539,19.670001,1.657285
2025-09-30,sh.601083,11.35814295,11.36797684,11.25980405,11.27947183,4340262.0,2.2359,9.909746,2.225688,19.584628,1.650092
2025-10-09,sh.601083,11.28930572,11.29913961,11.2106346,11.26963794,5821342.0,2.9988,9.901106,2.223747,19.567553,1.648653
2025-10-10,sh.601083,11.25980405,11.41714629,11.2106346,11.36797684,8027189.0,4.1352,9.987503,2.243152,19.7383,1.663039
2025-10-13,sh.601083,11.22046849,11.33847517,11.17129904,11.29913961,9492900.0,4.8902,9.927025,2.229568,19.618777,1.652969
2025-10-14,sh.601083,11.32864128,11.800668,11.32864128,11.63349187,17638600.0,9.0864,10.220775,2.295543,20.199315,1.701882
2025-10-15,sh.601083,11.75149855,11.75149855,11.52531908,11.69249521,15746905.0,8.1119,10.272614,2.307186,20.301763,1.710514
2025-10-16,sh.601083,11.68266132,12.1940236,11.65315965,12.0956847,32226916.0,16.6015,10.626842,2.386744,21.001824,1.769497
2025-10-17,sh.601083,11.98751191,12.11535248,11.84983745,11.87933912,19862309.0,10.232,10.436768,2.344055,20.626182,1.737847
2025-10-20,sh.601083,11.87933912,12.18418971,11.71216299,12.11535248,22379178.0,11.5285,10.644121,2.390625,21.035973,1.772374
2025-10-21,sh.601083,12.12518637,12.2923625,11.92850857,12.1940236,21662057.0,11.1591,10.713239,2.406149,21.17257,1.783883
2025-10-22,sh.601083,12.10551859,12.21369138,11.95801024,11.97767802,15013694.0,7.7342,10.523165,2.363459,20.796928,1.752233
2025-10-23,sh.601083,12.01701358,12.18418971,11.96784413,12.08585081,12242500.0,6.3067,10.618202,2.384804,20.984749,1.768058
2025-10-24,sh.601083,12.07601692,12.16452193,11.95801024,11.9973458,9554400.0,4.9219,10.540445,2.36734,20.831077,1.755111
2025-10-27,sh.601083,12.04651525,12.2923625,11.9973458,12.18418971,14380751.0,7.4082,10.704599,2.404208,21.155496,1.782444
2025-10-28,sh.601083,12.25302694,12.34153195,12.15468804,12.22352527,13616041.0,7.0142,10.739158,2.41197,21.223794,1.788199
2025-10-29,sh.601083,12.1940236,12.24319305,11.9973458,12.16452193,12505941.0,6.4424,10.68732,2.400327,21.121346,1.779567
2025-10-30,sh.601083,12.16452193,12.37103362,12.14485415,12.22352527,14687595.0,7.5662,10.739158,2.41197,21.223794,1.788199
2025-10-31,sh.601083,12.35136584,12.5873792,12.34153195,12.3907014,19628487.0,10.1115,10.97102,2.369676,48.041892,1.78437
2025-11-03,sh.601083,12.35136584,12.46937252,12.17435582,12.37103362,14528451.0,7.4843,10.953605,2.365914,47.965635,1.781538
2025-11-04,sh.601083,12.43003696,12.72505366,12.32186417,12.57754531,19948728.0,10.2765,11.136456,2.405409,48.766333,1.811277
2025-11-05,sh.601083,12.5873792,12.66605032,12.47920641,12.55787753,16281379.0,8.3873,11.119041,2.401648,48.690076,1.808445
2025-11-06,sh.601083,12.53820975,12.65621643,12.43987085,12.49887419,15573568.0,8.0226,11.066798,2.390364,48.461305,1.799948
2025-11-07,sh.601083,12.45953863,12.62671476,12.42020307,12.4890403,10392640.0,5.3537,11.058091,2.388483,48.423177,1.798532
2025-11-10,sh.601083,12.49887419,12.53820975,12.41036918,12.43003696,9487635.0,4.8875,11.005848,2.377199,48.194406,1.790035
2025-11-11,sh.601083,12.41036918,12.43987085,12.33169806,12.34153195,7814158.0,4.0254,10.927484,2.360272,47.851249,1.777289
2025-11-12,sh.601083,12.38086751,12.44970474,12.28252861,12.33169806,7324535.0,3.7732,10.918777,2.358392,47.813121,1.775873
2025-11-13,sh.601083,12.31203028,12.38086751,12.24319305,12.26286083,8408456.0,4.3316,10.857827,2.345227,47.546221,1.76596
2025-11-14,sh.601083,12.23335916,12.36119973,12.20385749,12.21369138,10463391.0,5.3902,10.814291,2.335823,47.355579,1.758879
2025-11-17,sh.601083,12.10551859,12.15468804,11.84000356,11.84000356,14929847.0,7.691,10.483419,2.264357,45.906697,1.705065
2025-11-18,sh.601083,11.91,11.94,11.57,11.63,10180600.0,5.2445,10.126425,2.187248,44.343429,1.647002
2025-11-19,sh.601083,11.66,11.68,11.47,11.53,8996100.0,4.6343,10.039354,2.168441,43.962144,1.63284
2025-11-20,sh.601083,11.53,11.62,11.45,11.46,6143573.0,3.1648,9.978404,2.155277,43.695244,1.622927
2025-11-21,sh.601083,11.43,11.47,11.07,11.09,10599301.0,5.4602,9.656239,2.085691,42.28449,1.570529
2025-11-24,sh.601083,11.13,11.21,11.03,11.11,8353500.0,4.3033,9.673653,2.089452,42.360747,1.573361
2025-11-25,sh.601083,11.12,11.27,11.06,11.18,6785454.0,3.4955,9.734603,2.102617,42.627647,1.583274
2025-11-26,sh.601083,11.19,11.25,11.12,11.14,5771474.0,2.9731,9.699774,2.095094,42.475133,1.57761
2025-11-27,sh.601083,11.13,11.2,11.08,11.13,4034874.0,2.0785,9.691067,2.093214,42.437004,1.576194
2025-11-28,sh.601083,11.14,11.21,11.09,11.21,4427303.0,2.2807,9.760725,2.108259,42.742032,1.587523
2025-12-01,sh.601083,11.24,11.36,11.2,11.34,7817961.0,4.0274,9.873918,2.132708,43.237703,1.605933
2025-12-02,sh.601083,11.32,11.33,11.22,11.26,4317515.0,2.2241,9.80426,2.117663,42.932675,1.594604
2025-12-03,sh.601083,11.26,11.34,11.23,11.33,4091900.0,2.1079,9.86521,2.130828,43.199574,1.604517
2025-12-04,sh.601083,11.35,11.47,11.29,11.34,5258200.0,2.7087,9.873918,2.132708,43.237703,1.605933
2025-12-05,sh.601083,11.29,11.36,11.23,11.35,4921200.0,2.5351,9.882625,2.134589,43.275831,1.607349
2025-12-08,sh.601083,11.36,11.39,11.27,11.34,6269347.0,3.2296,9.873918,2.132708,43.237703,1.605933
2025-12-09,sh.601083,11.32,11.38,11.24,11.25,4406500.0,2.27,9.795553,2.115782,42.894546,1.593188
2025-12-10,sh.601083,11.21,11.4,11.2,11.36,5349855.0,2.756,9.891332,2.13647,43.31396,1.608765
2025-12-11,sh.601083,11.34,11.39,11.24,11.37,7045820.0,3.6296,9.900039,2.13835,43.352088,1.610182
2025-12-12,sh.601083,11.37,11.42,11.22,11.23,7447700.0,3.8366,9.778139,2.112021,42.818289,1.590355
2025-12-15,sh.601083,11.21,11.39,11.19,11.36,5431200.0,2.7979,9.891332,2.13647,43.31396,1.608765
2025-12-16,sh.601083,11.35,11.38,11.24,11.3,4795600.0,2.4704,9.839089,2.125186,43.085189,1.600268
2025-12-17,sh.601083,11.26,11.34,11.22,11.32,5284585.0,2.7223,9.856503,2.128947,43.161446,1.603101
2025-12-18,sh.601083,11.27,11.46,11.24,11.32,8109352.0,4.1775,9.856503,2.128947,43.161446,1.603101
2025-12-19,sh.601083,11.32,11.58,11.3,11.58,8864534.0,4.5665,10.082889,2.177845,44.152786,1.639921
2025-12-22,sh.601083,11.58,11.67,11.48,11.59,6921542.0,3.5656,10.091597,2.179726,44.190915,1.641337
2025-12-23,sh.601083,11.59,11.67,11.46,11.51,6156818.0,3.1717,10.021939,2.16468,43.885887,1.630008
2025-12-24,sh.601083,11.47,11.53,11.45,11.49,5167600.0,2.6621,10.004525,2.160919,43.80963,1.627176
2025-12-25,sh.601083,11.49,11.63,11.49,11.53,5728319.0,2.9509,10.039354,2.168441,43.962144,1.63284
2025-12-26,sh.601083,11.56,11.56,11.43,11.45,5478604.0,2.8223,9.969696,2.153396,43.657116,1.621511
2025-12-29,sh.601083,11.48,11.49,11.2,11.21,7954928.0,4.0979,9.760725,2.108259,42.742032,1.587523
2025-12-30,sh.601083,11.19,11.27,11.12,11.18,5729547.0,2.9515,9.734603,2.102617,42.627647,1.583274
2025-12-31,sh.601083,11.16,11.23,11.14,11.16,3849796.0,1.9832,9.717189,2.098856,42.55139,1.580442
2026-01-05,sh.601083,11.17,11.21,11.1,11.17,7738142.0,3.9863,9.725896,2.100736,42.589518,1.581858
2026-01-06,sh.601083,11.16,11.43,11.16,11.43,10885611.0,5.6077,9.952282,2.149635,43.580859,1.618679
2026-01-07,sh.601083,11.45,11.52,11.39,11.41,7182514.0,3.7,9.934868,2.145873,43.504602,1.615846
2026-01-08,sh.601083,11.42,11.48,11.36,11.37,6219967.0,3.2042,9.900039,2.13835,43.352088,1.610182
2026-01-09,sh.601083,11.4,11.47,11.34,11.43,5209116.0,2.6835,9.952282,2.149635,43.580859,1.618679
2026-01-12,sh.601083,11.43,11.53,11.38,11.53,7607187.0,3.9188,10.039354,2.168441,43.962144,1.63284
2026-01-13,sh.601083,11.52,11.67,11.49,11.59,9816134.0,5.0567,10.091597,2.179726,44.190915,1.641337
2026-01-14,sh.601083,11.54,11.71,11.4,11.51,9907559.0,5.1038,10.021939,2.16468,43.885887,1.630008
2026-01-15,sh.601083,11.52,11.71,11.47,11.64,6572656.0,3.3859,10.135132,2.189129,44.381557,1.648418
2026-01-16,sh.601083,11.66,11.71,11.57,11.66,6526818.0,3.3623,10.152547,2.192891,44.457814,1.65125
2026-01-19,sh.601083,11.74,11.84,11.68,11.83,7095100.0,3.655,10.300568,2.224862,45.105998,1.675325
2026-01-20,sh.601083,11.85,11.96,11.79,11.95,7615585.0,3.9231,10.405054,2.247431,45.56354,1.692319
2026-01-21,sh.601083,11.91,11.98,11.86,11.89,7000701.0,3.6064,10.352811,2.236147,45.334769,1.683822
2026-01-22,sh.601083,11.88,11.99,11.86,11.96,5888781.0,3.0336,10.413761,2.249311,45.601669,1.693735
2026-01-23,sh.601083,11.99,12.03,11.87,11.89,6632367.0,3.4166,10.352811,2.236147,45.334769,1.683822
2026-01-26,sh.601083,11.94,11.97,11.7,11.93,10289948.0,5.3008,10.38764,2.243669,45.487283,1.689487
2026-01-27,sh.601083,11.91,11.98,11.79,11.84,7004975.0,3.6086,10.309276,2.226743,45.144127,1.676741
2026-01-28,sh.601083,11.86,11.94,11.81,11.83,5485700.0,2.8259,10.300568,2.224862,45.105998,1.675325
2026-01-29,sh.601083,11.83,11.97,11.8,11.92,7449593.0,3.8376,10.378933,2.241789,45.449155,1.688071
2026-01-30,sh.601083,11.87,12.02,11.81,11.99,7000500.0,3.6063,10.439883,2.254953,45.716054,1.697984
2026-02-02,sh.601083,11.94,11.95,11.6,11.6,12837561.0,6.6132,10.100304,2.181606,44.229043,1.642753
2026-02-03,sh.601083,11.74,11.8,11.55,11.65,7693794.0,3.9634,10.14384,2.19101,44.419686,1.649834
2026-02-04,sh.601083,11.63,11.9,11.61,11.87,8023194.0,4.1331,10.335397,2.232385,45.258512,1.68099
2026-02-05,sh.601083,11.84,11.93,11.75,11.86,6188084.0,3.1878,10.32669,2.230504,45.220384,1.679574
2026-02-06,sh.601083,11.81,11.92,11.77,11.82,5318998.0,2.7401,10.291861,2.222982,45.06787,1.673909
2026-02-09,sh.601083,11.9,11.92,11.8,11.82,5854957.0,3.0162,10.291861,2.222982,45.06787,1.673909
2026-02-10,sh.601083,11.85,11.85,11.72,11.78,5115237.0,2.6351,10.257033,2.215459,44.915356,1.668244
2026-02-11,sh.601083,11.82,11.9,11.79,11.84,5683800.0,2.928,10.309276,2.226743,45.144127,1.676741
2026-02-12,sh.601083,11.82,12.08,11.82,11.98,8384290.0,4.3191,10.431176,2.253073,45.677926,1.696568
2026-02-13,sh.601083,12.1,12.17,11.48,11.48,18450880.0,9.5049,9.995818,2.159038,43.771501,1.625759
2026-02-24,sh.601083,11.68,11.99,11.68,11.94,17262549.0,8.8927,10.396347,2.24555,45.525412,1.690903
2026-02-25,sh.601083,11.97,12.2,11.91,12.07,14087493.0,7.2571,10.50954,2.269999,46.021082,1.709313
2026-02-26,sh.601083,12.06,12.32,12.06,12.23,11479517.0,5.9136,10.648855,2.30009,46.631138,1.731972
2026-02-27,sh.601083,12.23,12.61,12.23,12.53,15132888.0,7.7956,10.91007,2.356511,47.774992,1.774457
2026-03-02,sh.601083,12.99,12.99,12.39,12.48,25456872.0,13.114,10.866534,2.347108,47.58435,1.767376
2026-03-03,sh.601083,12.48,13.73,12.48,13.73,59837117.0,30.8248,11.954929,2.582194,52.350411,1.944397
2026-03-04,sh.601083,13.8,13.81,12.36,12.56,57180111.0,29.4561,10.936191,2.362153,47.889378,1.778705
2026-03-05,sh.601083,12.4,12.47,12.13,12.25,32377995.0,16.6794,10.666269,2.303852,46.707395,1.734804
2026-03-06,sh.601083,12.2,12.44,11.96,12.35,18683067.0,9.6245,10.753341,2.322658,47.08868,1.748966
2026-03-09,sh.601083,12.36,12.67,12.01,12.09,24296328.0,12.5161,10.526955,2.27376,46.097339,1.712146
2026-03-10,sh.601083,12.0,12.33,12.0,12.13,17636038.0,9.0851,10.561783,2.281283,46.249853,1.71781
2026-03-11,sh.601083,12.13,12.18,11.88,12.03,13106123.0,6.7516,10.474712,2.262476,45.868568,1.703649
2026-03-12,sh.601083,12.1,12.16,11.98,12.1,12005065.0,6.1844,10.535662,2.275641,46.135467,1.713562
2026-03-13,sh.601083,12.05,12.26,12.01,12.08,11659100.0,6.0061,10.518247,2.27188,46.059211,1.710729
2026-03-16,sh.601083,12.12,12.29,12.05,12.27,13344325.0,6.8743,10.683683,2.307613,46.783652,1.737637
2026-03-17,sh.601083,12.19,12.4,12.17,12.29,15984675.0,8.2344,10.701098,2.311374,46.859909,1.740469
